<?xml version="1.0" encoding="UTF-16"?>
<Task version="1.4" xmlns="http://schemas.microsoft.com/windows/2004/02/mit/task">
  <RegistrationInfo>
    <Date>2025-09-20T15:52:58</Date>
    <Author>MAROHOM\Marohom</Author>
    <Description>LockDown kiosk launcher task</Description>
  </RegistrationInfo>
  <Triggers>
    <LogonTrigger>
      <Enabled>true</Enabled>
      <Delay>PT0S</Delay>
      <UserId>MAROHOM\Marohom</UserId>
    </LogonTrigger>
  </Triggers>
  <Principals>
    <Principal id="Author">
      <UserId>MAROHOM\Marohom</UserId>
      <RunLevel>HighestAvailable</RunLevel>
    </Principal>
  </Principals>
  <Settings>
    <MultipleInstancesPolicy>IgnoreNew</MultipleInstancesPolicy>
    <DisallowStartIfOnBatteries>false</DisallowStartIfOnBatteries>
    <StopIfGoingOnBatteries>false</StopIfGoingOnBatteries>
    <AllowHardTerminate>true</AllowHardTerminate>
    <StartWhenAvailable>true</StartWhenAvailable>
    <RunOnlyIfNetworkAvailable>false</RunOnlyIfNetworkAvailable>
  </Settings>
  <Actions Context="Author">
    <Exec>
      <Command>"C:\Program Files\NizamLab\Launcher.exe"</Command>
    </Exec>
  </Actions>
</Task>
